{
    "Agostino": "L'onomastico di Agostino Meduso è il giorno 28 agosto",
    "Agostino Meduso": "L'onomastico di Agostino Meduso è il giorno 28 agosto",
    "Aldo": "L'onomastico di Aldo Calò è il giorno 10 gennaio",
    "Aldo Calò": "L'onomastico di Aldo Calò è il giorno 10 gennaio",
    "Alessandra": "L'onomastico di Alessandra Mazzarisi è il giorno 20 marzo",
    "Alessandra Mazzarisi": "L'onomastico di Alessandra Mazzarisi è il giorno 20 marzo",
    "Alessandro": "L'onomastico di Alessandro Lorusso è il giorno 26 agosto",
    "Alessandro Lorusso": "L'onomastico di Alessandro Lorusso è il giorno 26 agosto",
    "Alice": "L'onomastico di Alice Lorusso è il giorno 13 giugno",
    "Alice Lorusso": "L'onomastico di Alice Lorusso è il giorno 13 giugno",
    "Andrea": "L'onomastico di Andrea Mazzarisi è il giorno 30 novembre",
    "Andrea Mazzarisi": "L'onomastico di Andrea Mazzarisi è il giorno 30 novembre",
    "Angela": "L'onomastico di Angela Pricci è il giorno 2 agosto",
    "Angela Pricci": "L'onomastico di Angela Pricci è il giorno 2 agosto",
    "Anna": "L'onomastico di Anna Pellegrini, di Anna Pontrandolfo, di Anna Sabatelli, di Anna Schirone e di Anna Trivisani è il giorno 26 luglio",
    "Anna Maria": "L'onomastico di Anna Maria Gentile e di Anna Maria Iurilli è il giorno 26 luglio",
    "Anna Maria Gentile": "L'onomastico di Anna Maria Gentile è il giorno 26 luglio",
    "Anna Maria Iurilli": "L'onomastico di Anna Maria Iurilli è il giorno 26 luglio",
    "Anna Pellegrini": "L'onomastico di Anna Pellegrini è il giorno 26 luglio",
    "Anna Pontrandolfo": "L'onomastico di Anna Pontrandolfo è il giorno 26 luglio",
    "Anna Sabatelli": "L'onomastico di Anna Sabatelli è il giorno 26 luglio",
    "Anna Schirone": "L'onomastico di Anna Schirone è il giorno 26 luglio",
    "Anna Trivisani": "L'onomastico di Anna Trivisani è il giorno 26 luglio",
    "Antonella": "L'onomastico di Antonella De Nobili è il giorno 13 giugno",
    "Antonella De Nobili": "L'onomastico di Antonella De Nobili è il giorno 13 giugno",
    "Asia": "L'onomastico di Asia Pricci è il giorno 19 febbraio",
    "Asia Pricci": "L'onomastico di Asia Pricci è il giorno 19 febbraio",
    "Benny": "L'onomastico di Benny Lorusso è il giorno 21 marzo",
    "Benny Lorusso": "L'onomastico di Benny Lorusso è il giorno 21 marzo",
    "Beppe": "L'onomastico di Beppe Tansella è il giorno 19 marzo",
    "Beppe Tansella": "L'onomastico di Beppe Tansella è il giorno 19 marzo",
    "Betta": "L'onomastico di Betta Vittorione è il giorno 19 novembre",
    "Betta Vittorione": "L'onomastico di Betta Vittorione è il giorno 19 novembre",
    "Carlo": "L'onomastico di Carlo Mancino è il giorno 4 novembre",
    "Carlo Mancino": "L'onomastico di Carlo Mancino è il giorno 4 novembre",
    "Celeste": "L'onomastico di Celeste Boscia è il giorno 14 ottobre",
    "Celeste Boscia": "L'onomastico di Celeste Boscia è il giorno 14 ottobre",
    "Checco": "L'onomastico di Checco Di Stasio è il giorno 4 ottobre",
    "Checco Di Stasio": "L'onomastico di Checco Di Stasio è il giorno 4 ottobre",
    "Cosimo": "L'onomastico di Cosimo Montagna è il giorno 26 settembre",
    "Cosimo Montagna": "L'onomastico di Cosimo Montagna è il giorno 26 settembre",
    "Cristiano": "L'onomastico di Cristiano Chiarappa è il giorno 7 aprile",
    "Cristiano Chiarappa": "L'onomastico di Cristiano Chiarappa è il giorno 7 aprile",
    "Daniele": "L'onomastico di Daniele Mazzarisi è il giorno 10 ottobre",
    "Daniele Mazzarisi": "L'onomastico di Daniele Mazzarisi è il giorno 10 ottobre",
    "Domenico": "L'onomastico di Domenico Lefemine è il giorno 4 agosto mentre quello di Domenico Mazzarisi è il giorno 8 agosto",
    "Domenico Lefemine": "L'onomastico di Domenico Lefemine è il giorno 4 agosto",
    "Domenico Mazzarisi": "L'onomastico di Domenico Mazzarisi è il giorno 8 agosto",
    "Donato": "L'onomastico di Donato Sozio è il giorno 22 ottobre",
    "Donato Sozio": "L'onomastico di Donato Sozio è il giorno 22 ottobre",
    "Enza": "L'onomastico di Enza Ladisa e di Enza Nitti è il giorno 10 agosto",
    "Enza Ladisa": "L'onomastico di Enza Ladisa è il giorno 10 agosto",
    "Enza Nitti": "L'onomastico di Enza Nitti è il giorno 10 agosto",
    "Enzo": "L'onomastico di Enzo Castiglia è il giorno 10 agosto mentre quello di Enzo Sabato è il giorno 5 aprile",
    "Enzo Castiglia": "L'onomastico di Enzo Castiglia è il giorno 10 agosto",
    "Enzo Sabato": "L'onomastico di Enzo Sabato è il giorno 5 aprile",
    "Flavia": "L'onomastico di Flavia Lefemine è il giorno 7 maggio",
    "Flavia Lefemine": "L'onomastico di Flavia Lefemine è il giorno 7 maggio",
    "Francesco": "L'onomastico di Francesco Lefemine, di Francesco Losito, di Francesco Mazzarisi e di Francesco Mirizzi è il giorno 4 ottobre",
    "Francesco Lefemine": "L'onomastico di Francesco Lefemine è il giorno 4 ottobre",
    "Francesco Losito": "L'onomastico di Francesco Losito è il giorno 4 ottobre",
    "Francesco Mazzarisi": "L'onomastico di Francesco Mazzarisi è il giorno 4 ottobre",
    "Francesco Mirizzi": "L'onomastico di Francesco Mirizzi è il giorno 4 ottobre",
    "Genny": "L'onomastico di Genny Lepore è il giorno 11 aprile",
    "Genny Lepore": "L'onomastico di Genny Lepore è il giorno 11 aprile",
    "Germana": "L'onomastico di Germana Surico è il giorno 15 giugno",
    "Germana Surico": "L'onomastico di Germana Surico è il giorno 15 giugno",
    "Giampiero": "L'onomastico di Giampiero Console è il giorno 24 giugno",
    "Giampiero Console": "L'onomastico di Giampiero Console è il giorno 24 giugno",
    "Gianni": "L'onomastico di Gianni Leone e di Gianni Rotondi è il giorno 24 giugno",
    "Gianni Leone": "L'onomastico di Gianni Leone è il giorno 24 giugno",
    "Gianni Rotondi": "L'onomastico di Gianni Rotondi è il giorno 24 giugno",
    "Gilda": "L'onomastico di Gilda Pricci è il giorno 13 febbraio",
    "Gilda Pricci": "L'onomastico di Gilda Pricci è il giorno 13 febbraio",
    "Giovanni": "L'onomastico di Giovanni Cannone e di Giovanni Pricci è il giorno 24 giugno",
    "Giovanni Cannone": "L'onomastico di Giovanni Cannone è il giorno 24 giugno",
    "Giovanni Pricci": "L'onomastico di Giovanni Pricci è il giorno 24 giugno",
    "Giulia": "L'onomastico di Giulia Guazzaroni e di Giulia Perez Almodovar è il giorno 22 maggio",
    "Giulia Guazzaroni": "L'onomastico di Giulia Guazzaroni è il giorno 22 maggio",
    "Giulia Perez Almodovar": "L'onomastico di Giulia Perez Almodovar è il giorno 22 maggio",
    "Giuliana": "L'onomastico di Giuliana La Gala è il giorno 16 febbraio",
    "Giuliana La Gala": "L'onomastico di Giuliana La Gala è il giorno 16 febbraio",
    "Giuseppe": "L'onomastico di Giuseppe Pricci, di Giuseppe Rotolo e di Giuseppe Sampietro è il giorno 19 marzo",
    "Giuseppe Pricci": "L'onomastico di Giuseppe Pricci è il giorno 19 marzo",
    "Giuseppe Rotolo": "L'onomastico di Giuseppe Rotolo è il giorno 19 marzo",
    "Giuseppe Sampietro": "L'onomastico di Giuseppe Sampietro è il giorno 19 marzo",
    "Imma": "L'onomastico di Imma Totaro è il giorno 8 dicembre",
    "Imma Totaro": "L'onomastico di Imma Totaro è il giorno 8 dicembre",
    "Leo": "L'onomastico di Leo Petrera è il giorno 16 febbraio",
    "Leo Petrera": "L'onomastico di Leo Petrera è il giorno 16 febbraio",
    "Leonardo": "L'onomastico di Leonardo Pedone e di Leonardo Santamaria è il giorno 6 novembre",
    "Leonardo Pedone": "L'onomastico di Leonardo Pedone è il giorno 6 novembre",
    "Leonardo Santamaria": "L'onomastico di Leonardo Santamaria è il giorno 6 novembre",
    "Loredana": "L'onomastico di Loredana Barletta è il giorno 10 dicembre",
    "Loredana Barletta": "L'onomastico di Loredana Barletta è il giorno 10 dicembre",
    "Lorenzo": "L'onomastico di Lorenzo Susca è il giorno 10 agosto",
    "Lorenzo Susca": "L'onomastico di Lorenzo Susca è il giorno 10 agosto",
    "Lucio": "L'onomastico di Lucio Romano è il giorno 13 dicembre mentre quello di Lucio Pinto è il giorno 3 settembre",
    "Lucio Pinto": "L'onomastico di Lucio Pinto è il giorno 3 settembre",
    "Lucio Romano": "L'onomastico di Lucio Romano è il giorno 13 dicembre",
    "Luigi": "L'onomastico di Luigi Pricci è il giorno 21 giugno",
    "Luigi Pricci": "L'onomastico di Luigi Pricci è il giorno 21 giugno",
    "Marco": "L'onomastico di Marco Galluzzi e di Marco Mazzarisi è il giorno 25 aprile",
    "Marco Galluzzi": "L'onomastico di Marco Galluzzi è il giorno 25 aprile",
    "Marco Mazzarisi": "L'onomastico di Marco Mazzarisi è il giorno 25 aprile",
    "Maria": "L'onomastico di Maria Romano è il giorno 12 settembre",
    "Maria Antonietta": "L'onomastico di Maria Antonietta Pricci è il giorno 13 giugno",
    "Maria Antonietta Pricci": "L'onomastico di Maria Antonietta Pricci è il giorno 13 giugno",
    "Maria Grazia": "L'onomastico di Maria Grazia Mazzarisi è il giorno 12 settembre",
    "Maria Grazia Mazzarisi": "L'onomastico di Maria Grazia Mazzarisi è il giorno 12 settembre",
    "Maria Romano": "L'onomastico di Maria Romano è il giorno 12 settembre",
    "Marica": "L'onomastico di Marica Pricci è il giorno 12 settembre",
    "Marica Pricci": "L'onomastico di Marica Pricci è il giorno 12 settembre",
    "Mariella": "L'onomastico di Mariella Iaia e di Mariella Mazzarisi è il giorno 12 settembre",
    "Mariella Iaia": "L'onomastico di Mariella Iaia è il giorno 12 settembre",
    "Mariella Mazzarisi": "L'onomastico di Mariella Mazzarisi è il giorno 12 settembre",
    "Marilù": "L'onomastico di Marilù Mazzarisi è il giorno 12 settembre",
    "Marilù Mazzarisi": "L'onomastico di Marilù Mazzarisi è il giorno 12 settembre",
    "Mario": "L'onomastico di Mario Quaranta è il giorno 19 gennaio",
    "Mario Quaranta": "L'onomastico di Mario Quaranta è il giorno 19 gennaio",
    "Mariolina": "L'onomastico di Mariolina Totaro è il giorno 12 settembre",
    "Mariolina Totaro": "L'onomastico di Mariolina Totaro è il giorno 12 settembre",
    "Martino": "L'onomastico di Martino Chiarappa è il giorno 11 novembre",
    "Martino Chiarappa": "L'onomastico di Martino Chiarappa è il giorno 11 novembre",
    "Michele": "L'onomastico di Michele Perniola e di Michele Soriano è il giorno 29 settembre",
    "Michele Perniola": "L'onomastico di Michele Perniola è il giorno 29 settembre",
    "Michele Soriano": "L'onomastico di Michele Soriano è il giorno 29 settembre",
    "Mimmo": "L'onomastico di Mimmo Lorusso è il giorno 4 agosto",
    "Mimmo Lorusso": "L'onomastico di Mimmo Lorusso è il giorno 4 agosto",
    "Nico": "L'onomastico di Nico Tauro è il giorno 6 dicembre",
    "Nico Tauro": "L'onomastico di Nico Tauro è il giorno 6 dicembre",
    "Nicola": "L'onomastico di Nicola Mele e di Nicola Minerva è il giorno 6 dicembre",
    "Nicola Mele": "L'onomastico di Nicola Mele è il giorno 6 dicembre",
    "Nicola Minerva": "L'onomastico di Nicola Minerva è il giorno 6 dicembre",
    "Nicoletta": "L'onomastico di Nicoletta Rotondi è il giorno 6 dicembre",
    "Nicoletta Rotondi": "L'onomastico di Nicoletta Rotondi è il giorno 6 dicembre",
    "Nina": "L'onomastico di Nina Lorusso è il giorno 15 dicembre",
    "Nina Lorusso": "L'onomastico di Nina Lorusso è il giorno 15 dicembre",
    "Nino": "L'onomastico di Nino Mazzarisi è il giorno 20 gennaio",
    "Nino Mazzarisi": "L'onomastico di Nino Mazzarisi è il giorno 20 gennaio",
    "Onofrio": "L'onomastico di Onofrio Lorusso e di Onofrio Mazzarisi è il giorno 12 giugno",
    "Onofrio Lorusso": "L'onomastico di Onofrio Lorusso è il giorno 12 giugno",
    "Onofrio Mazzarisi": "L'onomastico di Onofrio Mazzarisi è il giorno 12 giugno",
    "Paolo": "L'onomastico di Paolo Detomaso è il giorno 25 gennaio mentre quello di Paolo Fanigliuolo è il giorno 29 giugno",
    "Paolo Detomaso": "L'onomastico di Paolo Detomaso è il giorno 25 gennaio",
    "Paolo Fanigliuolo": "L'onomastico di Paolo Fanigliuolo è il giorno 29 giugno",
    "Pino": "L'onomastico di Pino Furio è il giorno 19 marzo",
    "Pino Furio": "L'onomastico di Pino Furio è il giorno 19 marzo",
    "Riccardo": "L'onomastico di Riccardo Dalena è il giorno 3 aprile",
    "Riccardo Dalena": "L'onomastico di Riccardo Dalena è il giorno 3 aprile",
    "Rina": "L'onomastico di Rina Mangini è il giorno 25 novembre",
    "Rina Mangini": "L'onomastico di Rina Mangini è il giorno 25 novembre",
    "Rino": "L'onomastico di Rino Volpe è il giorno 12 giugno",
    "Rino Volpe": "L'onomastico di Rino Volpe è il giorno 12 giugno",
    "Rory": "L'onomastico di Rory Rubino è il giorno 12 settembre",
    "Rory Rubino": "L'onomastico di Rory Rubino è il giorno 12 settembre",
    "Rosa": "L'onomastico di Rosa Bianco e di Rosa Mazzeo è il giorno 23 agosto",
    "Rosa Bianco": "L'onomastico di Rosa Bianco è il giorno 23 agosto",
    "Rosa Mazzeo": "L'onomastico di Rosa Mazzeo è il giorno 23 agosto",
    "Rosilde": "L'onomastico di Rosilde Sbiroli è il giorno 23 agosto",
    "Rosilde Sbiroli": "L'onomastico di Rosilde Sbiroli è il giorno 23 agosto",
    "Rossella": "L'onomastico di Rossella Loiacono è il giorno 4 settembre",
    "Rossella Loiacono": "L'onomastico di Rossella Loiacono è il giorno 4 settembre",
    "Sabina": "L'onomastico di Sabina Campanella è il giorno 29 agosto",
    "Sabina Campanella": "L'onomastico di Sabina Campanella è il giorno 29 agosto",
    "Saverio": "L'onomastico di Saverio Chiarappa è il giorno 3 dicembre",
    "Saverio Chiarappa": "L'onomastico di Saverio Chiarappa è il giorno 3 dicembre",
    "Sebastiano": "L'onomastico di Sebastiano Mazzarisi è il giorno 20 gennaio",
    "Sebastiano Mazzarisi": "L'onomastico di Sebastiano Mazzarisi è il giorno 20 gennaio",
    "Stefano": "L'onomastico di Stefano Pacello è il giorno 26 dicembre",
    "Stefano Pacello": "L'onomastico di Stefano Pacello è il giorno 26 dicembre",
    "Teresa": "L'onomastico di Teresa Grilletti e di Teresa Mazzarisi è il giorno 15 ottobre",
    "Teresa Grilletti": "L'onomastico di Teresa Grilletti è il giorno 15 ottobre",
    "Teresa Mazzarisi": "L'onomastico di Teresa Mazzarisi è il giorno 15 ottobre",
    "Terry": "L'onomastico di Terry Mazzarisi è il giorno 15 ottobre",
    "Terry Mazzarisi": "L'onomastico di Terry Mazzarisi è il giorno 15 ottobre",
    "Titti": "L'onomastico di Titti Pricci è il giorno 3 marzo",
    "Titti Pricci": "L'onomastico di Titti Pricci è il giorno 3 marzo",
    "Tiziana": "L'onomastico di Tiziana Pricci è il giorno 3 marzo",
    "Tiziana Pricci": "L'onomastico di Tiziana Pricci è il giorno 3 marzo",
    "Tonio": "L'onomastico di Tonio Lippolis è il giorno 13 giugno",
    "Tonio Lippolis": "L'onomastico di Tonio Lippolis è il giorno 13 giugno",
    "Umberto": "L'onomastico di Umberto Cocozza è il giorno 6 settembre",
    "Umberto Cocozza": "L'onomastico di Umberto Cocozza è il giorno 6 settembre",
    "Vanna": "L'onomastico di Vanna Pricci è il giorno 24 giugno",
    "Vanna Pricci": "L'onomastico di Vanna Pricci è il giorno 24 giugno",
    "Vanni": "L'onomastico di Vanni Procino è il giorno 24 giugno",
    "Vanni Procino": "L'onomastico di Vanni Procino è il giorno 24 giugno",
    "Vincenzo": "L'onomastico di Vincenzo Pompilio è il giorno 27 settembre",
    "Vincenzo Pompilio": "L'onomastico di Vincenzo Pompilio è il giorno 27 settembre",
    "Vito": "L'onomastico di Vito Mazzarisi, di Vito Nitti e di Vito Rotolo è il giorno 15 giugno",
    "Vito Antonio": "L'onomastico di Vito Antonio Scisci è il giorno 13 giugno",
    "Vito Antonio Scisci": "L'onomastico di Vito Antonio Scisci è il giorno 13 giugno",
    "Vito Mazzarisi": "L'onomastico di Vito Mazzarisi è il giorno 15 giugno",
    "Vito Nitti": "L'onomastico di Vito Nitti è il giorno 15 giugno",
    "Vito Rotolo": "L'onomastico di Vito Rotolo è il giorno 15 giugno"
}